{"accuracy": 0.9946059071129068, "mse": 3.9037528774506156}